priority,year,code
ხელმისაწვდომი ხარისხიანი ჯანმრთელობის დაცვა და სოციალური უზრუნველყოფა,2012,35 03
ხელმისაწვდომი ხარისხიანი ჯანმრთელობის დაცვა და სოციალური უზრუნველყოფა,2012,35 04
ხელმისაწვდომი ხარისხიანი ჯანმრთელობის დაცვა და სოციალური უზრუნველყოფა,2012,48 00
ხელმისაწვდომი ხარისხიანი ჯანმრთელობის დაცვა და სოციალური უზრუნველყოფა,2012,30 04
ხელმისაწვდომი ხარისხიანი ჯანმრთელობის დაცვა და სოციალური უზრუნველყოფა,2012,29 03
ხელმისაწვდომი ხარისხიანი ჯანმრთელობის დაცვა და სოციალური უზრუნველყოფა,2012,27 04
ხელმისაწვდომი ხარისხიანი ჯანმრთელობის დაცვა და სოციალური უზრუნველყოფა,2012,35 02
ხელმისაწვდომი ხარისხიანი ჯანმრთელობის დაცვა და სოციალური უზრუნველყოფა,2012,35 01
"თავდაცვა, საზოგადოებრივი წესრიგი და უსაფრთხოება",2012,26 02 
"თავდაცვა, საზოგადოებრივი წესრიგი და უსაფრთხოება",2012,30 01 
"თავდაცვა, საზოგადოებრივი წესრიგი და უსაფრთხოება",2012,27 01 
"თავდაცვა, საზოგადოებრივი წესრიგი და უსაფრთხოება",2012,40 01 
"თავდაცვა, საზოგადოებრივი წესრიგი და უსაფრთხოება",2012,03 02 
"თავდაცვა, საზოგადოებრივი წესრიგი და უსაფრთხოება",2012,30 02 
"თავდაცვა, საზოგადოებრივი წესრიგი და უსაფრთხოება",2012,23 03
"თავდაცვა, საზოგადოებრივი წესრიგი და უსაფრთხოება",2012,31 00
"თავდაცვა, საზოგადოებრივი წესრიგი და უსაფრთხოება",2012,24 08
"თავდაცვა, საზოგადოებრივი წესრიგი და უსაფრთხოება",2012,27 02
"თავდაცვა, საზოგადოებრივი წესრიგი და უსაფრთხოება",2012,30 05 
"თავდაცვა, საზოგადოებრივი წესრიგი და უსაფრთხოება",2012,29 04
"თავდაცვა, საზოგადოებრივი წესრიგი და უსაფრთხოება",2012,29 01
"თავდაცვა, საზოგადოებრივი წესრიგი და უსაფრთხოება",2012,03 01
"რეგიონალური განვითარება, ინფრასტრუქტურა და ტურიზმი",2012,25 03 
"რეგიონალური განვითარება, ინფრასტრუქტურა და ტურიზმი",2012,25 04 
"რეგიონალური განვითარება, ინფრასტრუქტურა და ტურიზმი",2012,25 06 
"რეგიონალური განვითარება, ინფრასტრუქტურა და ტურიზმი",2012,36 02 
"რეგიონალური განვითარება, ინფრასტრუქტურა და ტურიზმი",2012,24 06 
"რეგიონალური განვითარება, ინფრასტრუქტურა და ტურიზმი",2012,24 10 
"რეგიონალური განვითარება, ინფრასტრუქტურა და ტურიზმი",2012,24 02 
"რეგიონალური განვითარება, ინფრასტრუქტურა და ტურიზმი",2012,24 07 
"რეგიონალური განვითარება, ინფრასტრუქტურა და ტურიზმი",2012,24 09
"რეგიონალური განვითარება, ინფრასტრუქტურა და ტურიზმი",2012,25 01
"რეგიონალური განვითარება, ინფრასტრუქტურა და ტურიზმი",2012,25 02
განათლება მეცნიერება და პროფესიული მომზადება,2012,32 04
განათლება მეცნიერება და პროფესიული მომზადება,2012,33 03
განათლება მეცნიერება და პროფესიული მომზადება,2012,29 02
განათლება მეცნიერება და პროფესიული მომზადება,2012,30 03
განათლება მეცნიერება და პროფესიული მომზადება,2012,32 05
განათლება მეცნიერება და პროფესიული მომზადება,2012,27 03
განათლება მეცნიერება და პროფესიული მომზადება,2012,26 04
განათლება მეცნიერება და პროფესიული მომზადება,2012,28 02
განათლება მეცნიერება და პროფესიული მომზადება,2012,23 05
განათლება მეცნიერება და პროფესიული მომზადება,2012,09 02
განათლება მეცნიერება და პროფესიული მომზადება,2012,01 03
განათლება მეცნიერება და პროფესიული მომზადება,2012,01 04
განათლება მეცნიერება და პროფესიული მომზადება,2012,32 01
განათლება მეცნიერება და პროფესიული მომზადება,2012,32 02
განათლება მეცნიერება და პროფესიული მომზადება,2012,32 03
მაკროეკონომიკური სტაბილურობა და საინვესტიციო გარემოს გაუმჯობესება,2012,23 04
მაკროეკონომიკური სტაბილურობა და საინვესტიციო გარემოს გაუმჯობესება,2012,23 02
მაკროეკონომიკური სტაბილურობა და საინვესტიციო გარემოს გაუმჯობესება,2012,24 01
მაკროეკონომიკური სტაბილურობა და საინვესტიციო გარემოს გაუმჯობესება,2012,51 01
მაკროეკონომიკური სტაბილურობა და საინვესტიციო გარემოს გაუმჯობესება,2012,51 02
მაკროეკონომიკური სტაბილურობა და საინვესტიციო გარემოს გაუმჯობესება,2012,47 01
მაკროეკონომიკური სტაბილურობა და საინვესტიციო გარემოს გაუმჯობესება,2012,47 02
მაკროეკონომიკური სტაბილურობა და საინვესტიციო გარემოს გაუმჯობესება,2012,47 04
მაკროეკონომიკური სტაბილურობა და საინვესტიციო გარემოს გაუმჯობესება,2012,47 05
მაკროეკონომიკური სტაბილურობა და საინვესტიციო გარემოს გაუმჯობესება,2012,24 04
მაკროეკონომიკური სტაბილურობა და საინვესტიციო გარემოს გაუმჯობესება,2012,24 05
მაკროეკონომიკური სტაბილურობა და საინვესტიციო გარემოს გაუმჯობესება,2012,43 00
მაკროეკონომიკური სტაბილურობა და საინვესტიციო გარემოს გაუმჯობესება,2012,50 00
მაკროეკონომიკური სტაბილურობა და საინვესტიციო გარემოს გაუმჯობესება,2012,47 03
მაკროეკონომიკური სტაბილურობა და საინვესტიციო გარემოს გაუმჯობესება,2012,23 01
მაკროეკონომიკური სტაბილურობა და საინვესტიციო გარემოს გაუმჯობესება,2012,05 00 
მაკროეკონომიკური სტაბილურობა და საინვესტიციო გარემოს გაუმჯობესება,2012,01 02
მაკროეკონომიკური სტაბილურობა და საინვესტიციო გარემოს გაუმჯობესება,2012,40 02
ინსტიტუციური განვითარება და ქვეყნის ინტერესების სამართლებრივი მხარდაჭერა,2012,06 02
ინსტიტუციური განვითარება და ქვეყნის ინტერესების სამართლებრივი მხარდაჭერა,2012,06 03
ინსტიტუციური განვითარება და ქვეყნის ინტერესების სამართლებრივი მხარდაჭერა,2012,06 06
ინსტიტუციური განვითარება და ქვეყნის ინტერესების სამართლებრივი მხარდაჭერა,2012,41 00
ინსტიტუციური განვითარება და ქვეყნის ინტერესების სამართლებრივი მხარდაჭერა,2012,26 01
ინსტიტუციური განვითარება და ქვეყნის ინტერესების სამართლებრივი მხარდაჭერა,2012,26 06
ინსტიტუციური განვითარება და ქვეყნის ინტერესების სამართლებრივი მხარდაჭერა,2012,26 03
ინსტიტუციური განვითარება და ქვეყნის ინტერესების სამართლებრივი მხარდაჭერა,2012,26 05
ინსტიტუციური განვითარება და ქვეყნის ინტერესების სამართლებრივი მხარდაჭერა,2012,26 08
ინსტიტუციური განვითარება და ქვეყნის ინტერესების სამართლებრივი მხარდაჭერა,2012,02 01
ინსტიტუციური განვითარება და ქვეყნის ინტერესების სამართლებრივი მხარდაჭერა,2012,04 00
ინსტიტუციური განვითარება და ქვეყნის ინტერესების სამართლებრივი მხარდაჭერა,2012,06 04
ინსტიტუციური განვითარება და ქვეყნის ინტერესების სამართლებრივი მხარდაჭერა,2012,01 01
ინსტიტუციური განვითარება და ქვეყნის ინტერესების სამართლებრივი მხარდაჭერა,2012,06 01
ინსტიტუციური განვითარება და ქვეყნის ინტერესების სამართლებრივი მხარდაჭერა,2012,02 02
ინსტიტუციური განვითარება და ქვეყნის ინტერესების სამართლებრივი მხარდაჭერა,2012,30 06
ინსტიტუციური განვითარება და ქვეყნის ინტერესების სამართლებრივი მხარდაჭერა,2012,11 00
ინსტიტუციური განვითარება და ქვეყნის ინტერესების სამართლებრივი მხარდაჭერა,2012,12 00
ინსტიტუციური განვითარება და ქვეყნის ინტერესების სამართლებრივი მხარდაჭერა,2012,13 00
ინსტიტუციური განვითარება და ქვეყნის ინტერესების სამართლებრივი მხარდაჭერა,2012,14 00
ინსტიტუციური განვითარება და ქვეყნის ინტერესების სამართლებრივი მხარდაჭერა,2012,15 00
ინსტიტუციური განვითარება და ქვეყნის ინტერესების სამართლებრივი მხარდაჭერა,2012,16 00
ინსტიტუციური განვითარება და ქვეყნის ინტერესების სამართლებრივი მხარდაჭერა,2012,17 00
ინსტიტუციური განვითარება და ქვეყნის ინტერესების სამართლებრივი მხარდაჭერა,2012,18 00
ინსტიტუციური განვითარება და ქვეყნის ინტერესების სამართლებრივი მხარდაჭერა,2012,19 00
ინსტიტუციური განვითარება და ქვეყნის ინტერესების სამართლებრივი მხარდაჭერა,2012,44 00
იძულებით გადაადგილებულ პირთა და მიგრანტთა სახელმწიფო მხარდაჭერა და რეინტეგრაციის ხელშეწყობა,2012,34 01
იძულებით გადაადგილებულ პირთა და მიგრანტთა სახელმწიფო მხარდაჭერა და რეინტეგრაციის ხელშეწყობა,2012,34 02
იძულებით გადაადგილებულ პირთა და მიგრანტთა სახელმწიფო მხარდაჭერა და რეინტეგრაციის ხელშეწყობა,2012,25 05
იძულებით გადაადგილებულ პირთა და მიგრანტთა სახელმწიფო მხარდაჭერა და რეინტეგრაციის ხელშეწყობა,2012,22 00
"კულტურა, რელიგია, ახალგაზრდობის ხელშეწყობა და სპორტი",2012,33 01
"კულტურა, რელიგია, ახალგაზრდობის ხელშეწყობა და სპორტი",2012,33 04
"კულტურა, რელიგია, ახალგაზრდობის ხელშეწყობა და სპორტი",2012,39 01
"კულტურა, რელიგია, ახალგაზრდობის ხელშეწყობა და სპორტი",2012,39 02
"კულტურა, რელიგია, ახალგაზრდობის ხელშეწყობა და სპორტი",2012,39 04
"კულტურა, რელიგია, ახალგაზრდობის ხელშეწყობა და სპორტი",2012,42 00
"კულტურა, რელიგია, ახალგაზრდობის ხელშეწყობა და სპორტი",2012,45 00
"კულტურა, რელიგია, ახალგაზრდობის ხელშეწყობა და სპორტი",2012,39 03
"კულტურა, რელიგია, ახალგაზრდობის ხელშეწყობა და სპორტი",2012,33 02
საერთაშორისო ურთიერთობები და ევროატლანტიკურ სივრცეში ინტეგრაცია,2012,28 01
საერთაშორისო ურთიერთობები და ევროატლანტიკურ სივრცეში ინტეგრაცია,2012,20 00
საერთაშორისო ურთიერთობები და ევროატლანტიკურ სივრცეში ინტეგრაცია,2012,21 00
სოფლის მეურნეობა,2012,37 01
სოფლის მეურნეობა,2012,37 02
სოფლის მეურნეობა,2012,37 03
სასამართლო სისტემა,2012,07 00
სასამართლო სისტემა,2012,46 00
სასამართლო სისტემა,2012,10 00
სასამართლო სისტემა,2012,09 01 
სასამართლო სისტემა,2012,08 00
გარემოს დაცვა და ბუნებრივი რესურსების მართვა,2012,36 01
გარემოს დაცვა და ბუნებრივი რესურსების მართვა,2012,38 01
გარემოს დაცვა და ბუნებრივი რესურსების მართვა,2012,38 02
გარემოს დაცვა და ბუნებრივი რესურსების მართვა,2012,38 03
გარემოს დაცვა და ბუნებრივი რესურსების მართვა,2012,36 06
გარემოს დაცვა და ბუნებრივი რესურსების მართვა,2012,36 03
"თავდაცვა, საზოგადოებრივი წესრიგი და უსაფრთხოება",2013,29 01 
"თავდაცვა, საზოგადოებრივი წესრიგი და უსაფრთხოება",2013,30 01 
"თავდაცვა, საზოგადოებრივი წესრიგი და უსაფრთხოება",2013,27 02 
"თავდაცვა, საზოგადოებრივი წესრიგი და უსაფრთხოება",2013,40 01 
"თავდაცვა, საზოგადოებრივი წესრიგი და უსაფრთხოება",2013,29 04
"თავდაცვა, საზოგადოებრივი წესრიგი და უსაფრთხოება",2013,26 02
"თავდაცვა, საზოგადოებრივი წესრიგი და უსაფრთხოება",2013,23 03
"თავდაცვა, საზოგადოებრივი წესრიგი და უსაფრთხოება",2013,30 02
"თავდაცვა, საზოგადოებრივი წესრიგი და უსაფრთხოება",2013,27 01
"თავდაცვა, საზოგადოებრივი წესრიგი და უსაფრთხოება",2013,31 00
"თავდაცვა, საზოგადოებრივი წესრიგი და უსაფრთხოება",2013,24 06
"თავდაცვა, საზოგადოებრივი წესრიგი და უსაფრთხოება",2013,03 01
"თავდაცვა, საზოგადოებრივი წესრიგი და უსაფრთხოება",2013,26 08
"თავდაცვა, საზოგადოებრივი წესრიგი და უსაფრთხოება",2013,30 05
განათლება მეცნიერება და პროფესიული მომზადება,2013,32 02 
განათლება მეცნიერება და პროფესიული მომზადება,2013,32 04
განათლება მეცნიერება და პროფესიული მომზადება,2013,32 05 
განათლება მეცნიერება და პროფესიული მომზადება,2013,32 03 
განათლება მეცნიერება და პროფესიული მომზადება,2013,29 02 
განათლება მეცნიერება და პროფესიული მომზადება,2013,33 03 
განათლება მეცნიერება და პროფესიული მომზადება,2013,32 01 
განათლება მეცნიერება და პროფესიული მომზადება,2013,27 03 
განათლება მეცნიერება და პროფესიული მომზადება,2013,23 05 
განათლება მეცნიერება და პროფესიული მომზადება,2013,26 04 
განათლება მეცნიერება და პროფესიული მომზადება,2013,01 02
განათლება მეცნიერება და პროფესიული მომზადება,2013,30 03
განათლება მეცნიერება და პროფესიული მომზადება,2013,09 02
განათლება მეცნიერება და პროფესიული მომზადება,2013,01 03
განათლება მეცნიერება და პროფესიული მომზადება,2013,28 02
მაკროეკონომიკური სტაბილურობა და საინვესტიციო გარემოს გაუმჯობესება,2013,23 02 
მაკროეკონომიკური სტაბილურობა და საინვესტიციო გარემოს გაუმჯობესება,2013,23 01 
მაკროეკონომიკური სტაბილურობა და საინვესტიციო გარემოს გაუმჯობესება,2013,24 01 
მაკროეკონომიკური სტაბილურობა და საინვესტიციო გარემოს გაუმჯობესება,2013,23 04 
მაკროეკონომიკური სტაბილურობა და საინვესტიციო გარემოს გაუმჯობესება,2013,40 02 
მაკროეკონომიკური სტაბილურობა და საინვესტიციო გარემოს გაუმჯობესება,2013,47 01 
მაკროეკონომიკური სტაბილურობა და საინვესტიციო გარემოს გაუმჯობესება,2013,49 02 
მაკროეკონომიკური სტაბილურობა და საინვესტიციო გარემოს გაუმჯობესება,2013,49 01 
მაკროეკონომიკური სტაბილურობა და საინვესტიციო გარემოს გაუმჯობესება,2013,47 02 
მაკროეკონომიკური სტაბილურობა და საინვესტიციო გარემოს გაუმჯობესება,2013,43 00 
მაკროეკონომიკური სტაბილურობა და საინვესტიციო გარემოს გაუმჯობესება,2013,24 03 
მაკროეკონომიკური სტაბილურობა და საინვესტიციო გარემოს გაუმჯობესება,2013,47 04 
მაკროეკონომიკური სტაბილურობა და საინვესტიციო გარემოს გაუმჯობესება,2013,47 05 
მაკროეკონომიკური სტაბილურობა და საინვესტიციო გარემოს გაუმჯობესება,2013,47 03 
მაკროეკონომიკური სტაბილურობა და საინვესტიციო გარემოს გაუმჯობესება,2013,24 04
იძულებით გადაადგილებულ პირთა და მიგრანტთა სახელმწიფო მხარდაჭერა და რეინტეგრაციის ხელშეწყობა,2013,25 05
იძულებით გადაადგილებულ პირთა და მიგრანტთა სახელმწიფო მხარდაჭერა და რეინტეგრაციის ხელშეწყობა,2013,34 02 
იძულებით გადაადგილებულ პირთა და მიგრანტთა სახელმწიფო მხარდაჭერა და რეინტეგრაციის ხელშეწყობა,2013,34 01 
იძულებით გადაადგილებულ პირთა და მიგრანტთა სახელმწიფო მხარდაჭერა და რეინტეგრაციის ხელშეწყობა,2013,22 00
"კულტურა, რელიგია, ახალგაზრდობის ხელშეწყობა და სპორტი",2013,33 02 
"კულტურა, რელიგია, ახალგაზრდობის ხელშეწყობა და სპორტი",2013,39 02 
"კულტურა, რელიგია, ახალგაზრდობის ხელშეწყობა და სპორტი",2013,42 00 
"კულტურა, რელიგია, ახალგაზრდობის ხელშეწყობა და სპორტი",2013,45 00 
"კულტურა, რელიგია, ახალგაზრდობის ხელშეწყობა და სპორტი",2013,33 04 
"კულტურა, რელიგია, ახალგაზრდობის ხელშეწყობა და სპორტი",2013,33 05 
"კულტურა, რელიგია, ახალგაზრდობის ხელშეწყობა და სპორტი",2013,39 04 
"კულტურა, რელიგია, ახალგაზრდობის ხელშეწყობა და სპორტი",2013,39 03 
"კულტურა, რელიგია, ახალგაზრდობის ხელშეწყობა და სპორტი",2013,33 01 
"კულტურა, რელიგია, ახალგაზრდობის ხელშეწყობა და სპორტი",2013,39 01
საერთაშორისო ურთიერთობები და ევროატლანტიკურ სივრცეში ინტეგრაცია,2013,28 01
საერთაშორისო ურთიერთობები და ევროატლანტიკურ სივრცეში ინტეგრაცია,2013,20 00
საერთაშორისო ურთიერთობები და ევროატლანტიკურ სივრცეში ინტეგრაცია,2013,21 00
სოფლის მეურნეობა,2013,37 01
სოფლის მეურნეობა,2013,37 03
სოფლის მეურნეობა,2013,37 02
სასამართლო სისტემა,2013,09 01
სასამართლო სისტემა,2013,08 00
სასამართლო სისტემა,2013,46 00
სასამართლო სისტემა,2013,07 00
სასამართლო სისტემა,2013,10 00
გარემოს დაცვა და ბუნებრივი რესურსების მართვა,2013,38 03
გარემოს დაცვა და ბუნებრივი რესურსების მართვა,2013,38 02
გარემოს დაცვა და ბუნებრივი რესურსების მართვა,2013,38 01
გარემოს დაცვა და ბუნებრივი რესურსების მართვა,2013,36 01
გარემოს დაცვა და ბუნებრივი რესურსების მართვა,2013,38 04
გარემოს დაცვა და ბუნებრივი რესურსების მართვა,2013,38 05
გარემოს დაცვა და ბუნებრივი რესურსების მართვა,2013,38 07
გარემოს დაცვა და ბუნებრივი რესურსების მართვა,2013,36 02
გარემოს დაცვა და ბუნებრივი რესურსების მართვა,2013,38 06
ინსტიტუციური განვითარება და ქვეყნის ინტერესების სამართლებრივი მხარდაჭერა,2013,01 01 
ინსტიტუციური განვითარება და ქვეყნის ინტერესების სამართლებრივი მხარდაჭერა,2013,06 02 
ინსტიტუციური განვითარება და ქვეყნის ინტერესების სამართლებრივი მხარდაჭერა,2013,26 06 
ინსტიტუციური განვითარება და ქვეყნის ინტერესების სამართლებრივი მხარდაჭერა,2013,06 04 
ინსტიტუციური განვითარება და ქვეყნის ინტერესების სამართლებრივი მხარდაჭერა,2013,05 00 
ინსტიტუციური განვითარება და ქვეყნის ინტერესების სამართლებრივი მხარდაჭერა,2013,04 00 
ინსტიტუციური განვითარება და ქვეყნის ინტერესების სამართლებრივი მხარდაჭერა,2013,26 01 
ინსტიტუციური განვითარება და ქვეყნის ინტერესების სამართლებრივი მხარდაჭერა,2013,02 00 
ინსტიტუციური განვითარება და ქვეყნის ინტერესების სამართლებრივი მხარდაჭერა,2013,06 01 
ინსტიტუციური განვითარება და ქვეყნის ინტერესების სამართლებრივი მხარდაჭერა,2013,26 03 
ინსტიტუციური განვითარება და ქვეყნის ინტერესების სამართლებრივი მხარდაჭერა,2013,44 00 
ინსტიტუციური განვითარება და ქვეყნის ინტერესების სამართლებრივი მხარდაჭერა,2013,26 05 
ინსტიტუციური განვითარება და ქვეყნის ინტერესების სამართლებრივი მხარდაჭერა,2013,41 00 
ინსტიტუციური განვითარება და ქვეყნის ინტერესების სამართლებრივი მხარდაჭერა,2013,06 03 
ინსტიტუციური განვითარება და ქვეყნის ინტერესების სამართლებრივი მხარდაჭერა,2013,26 07
ინსტიტუციური განვითარება და ქვეყნის ინტერესების სამართლებრივი მხარდაჭერა,2013,11 00
ინსტიტუციური განვითარება და ქვეყნის ინტერესების სამართლებრივი მხარდაჭერა,2013,13 00
ინსტიტუციური განვითარება და ქვეყნის ინტერესების სამართლებრივი მხარდაჭერა,2013,18 00
ინსტიტუციური განვითარება და ქვეყნის ინტერესების სამართლებრივი მხარდაჭერა,2013,14 00
ინსტიტუციური განვითარება და ქვეყნის ინტერესების სამართლებრივი მხარდაჭერა,2013,19 00
ინსტიტუციური განვითარება და ქვეყნის ინტერესების სამართლებრივი მხარდაჭერა,2013,12 00 
ინსტიტუციური განვითარება და ქვეყნის ინტერესების სამართლებრივი მხარდაჭერა,2013,17 00 
ინსტიტუციური განვითარება და ქვეყნის ინტერესების სამართლებრივი მხარდაჭერა,2013,15 00
ინსტიტუციური განვითარება და ქვეყნის ინტერესების სამართლებრივი მხარდაჭერა,2013,16 00 
ინსტიტუციური განვითარება და ქვეყნის ინტერესების სამართლებრივი მხარდაჭერა,2013,50 00
ხელმისაწვდომი ხარისხიანი ჯანმრთელობის დაცვა და სოციალური უზრუნველყოფა,2013,35 02
ხელმისაწვდომი ხარისხიანი ჯანმრთელობის დაცვა და სოციალური უზრუნველყოფა,2013,35 03 
ხელმისაწვდომი ხარისხიანი ჯანმრთელობის დაცვა და სოციალური უზრუნველყოფა,2013,35 01
ხელმისაწვდომი ხარისხიანი ჯანმრთელობის დაცვა და სოციალური უზრუნველყოფა,2013,35 04
ხელმისაწვდომი ხარისხიანი ჯანმრთელობის დაცვა და სოციალური უზრუნველყოფა,2013,27 04
ხელმისაწვდომი ხარისხიანი ჯანმრთელობის დაცვა და სოციალური უზრუნველყოფა,2013,29 03
ხელმისაწვდომი ხარისხიანი ჯანმრთელობის დაცვა და სოციალური უზრუნველყოფა,2013,30 04
ხელმისაწვდომი ხარისხიანი ჯანმრთელობის დაცვა და სოციალური უზრუნველყოფა,2013,48 00
"რეგიონალური განვითარება, ინფრასტრუქტურა და ტურიზმი",2013,25 02 
"რეგიონალური განვითარება, ინფრასტრუქტურა და ტურიზმი",2013,25 03 
"რეგიონალური განვითარება, ინფრასტრუქტურა და ტურიზმი",2013,25 04 
"რეგიონალური განვითარება, ინფრასტრუქტურა და ტურიზმი",2013,36 03 
"რეგიონალური განვითარება, ინფრასტრუქტურა და ტურიზმი",2013,36 04 
"რეგიონალური განვითარება, ინფრასტრუქტურა და ტურიზმი",2013,24 07 
"რეგიონალური განვითარება, ინფრასტრუქტურა და ტურიზმი",2013,24 08 
"რეგიონალური განვითარება, ინფრასტრუქტურა და ტურიზმი",2013,24 05 
"რეგიონალური განვითარება, ინფრასტრუქტურა და ტურიზმი",2013,25 01 
"რეგიონალური განვითარება, ინფრასტრუქტურა და ტურიზმი",2013,24 02
ხელმისაწვდომი ხარისხიანი ჯანმრთელობის დაცვა და სოციალური უზრუნველყოფა,2014,35 02
ხელმისაწვდომი ხარისხიანი ჯანმრთელობის დაცვა და სოციალური უზრუნველყოფა,2014,35 03
ხელმისაწვდომი ხარისხიანი ჯანმრთელობის დაცვა და სოციალური უზრუნველყოფა,2014,35 01
ხელმისაწვდომი ხარისხიანი ჯანმრთელობის დაცვა და სოციალური უზრუნველყოფა,2014,35 04
ხელმისაწვდომი ხარისხიანი ჯანმრთელობის დაცვა და სოციალური უზრუნველყოფა,2014,27 04
ხელმისაწვდომი ხარისხიანი ჯანმრთელობის დაცვა და სოციალური უზრუნველყოფა,2014,29 03
ხელმისაწვდომი ხარისხიანი ჯანმრთელობის დაცვა და სოციალური უზრუნველყოფა,2014,30 04
ხელმისაწვდომი ხარისხიანი ჯანმრთელობის დაცვა და სოციალური უზრუნველყოფა,2014,35 05
"თავდაცვა, საზოგადოებრივი წესრიგი და უსაფრთხოება",2014,29 01
"თავდაცვა, საზოგადოებრივი წესრიგი და უსაფრთხოება",2014,30 01
"თავდაცვა, საზოგადოებრივი წესრიგი და უსაფრთხოება",2014,27 02
"თავდაცვა, საზოგადოებრივი წესრიგი და უსაფრთხოება",2014,29 04
"თავდაცვა, საზოგადოებრივი წესრიგი და უსაფრთხოება",2014,40 01
"თავდაცვა, საზოგადოებრივი წესრიგი და უსაფრთხოება",2014,26 02
"თავდაცვა, საზოგადოებრივი წესრიგი და უსაფრთხოება",2014,23 03
"თავდაცვა, საზოგადოებრივი წესრიგი და უსაფრთხოება",2014,30 02
"თავდაცვა, საზოგადოებრივი წესრიგი და უსაფრთხოება",2014,31 00
"თავდაცვა, საზოგადოებრივი წესრიგი და უსაფრთხოება",2014,27 01
"თავდაცვა, საზოგადოებრივი წესრიგი და უსაფრთხოება",2014,24 06
"თავდაცვა, საზოგადოებრივი წესრიგი და უსაფრთხოება",2014,03 01
"თავდაცვა, საზოგადოებრივი წესრიგი და უსაფრთხოება",2014,26 07
"თავდაცვა, საზოგადოებრივი წესრიგი და უსაფრთხოება",2014,30 05
"რეგიონალური განვითარება, ინფრასტრუქტურა და ტურიზმი",2014,25 02
"რეგიონალური განვითარება, ინფრასტრუქტურა და ტურიზმი",2014,25 03
"რეგიონალური განვითარება, ინფრასტრუქტურა და ტურიზმი",2014,25 04
"რეგიონალური განვითარება, ინფრასტრუქტურა და ტურიზმი",2014,36 03
"რეგიონალური განვითარება, ინფრასტრუქტურა და ტურიზმი",2014,36 04
"რეგიონალური განვითარება, ინფრასტრუქტურა და ტურიზმი",2014,24 05
"რეგიონალური განვითარება, ინფრასტრუქტურა და ტურიზმი",2014,36 01
"რეგიონალური განვითარება, ინფრასტრუქტურა და ტურიზმი",2014,25 01
"რეგიონალური განვითარება, ინფრასტრუქტურა და ტურიზმი",2014,24 02
"რეგიონალური განვითარება, ინფრასტრუქტურა და ტურიზმი",2014,24 07
"რეგიონალური განვითარება, ინფრასტრუქტურა და ტურიზმი",2014,36 02
განათლება მეცნიერება და პროფესიული მომზადება,2014,32 02
განათლება მეცნიერება და პროფესიული მომზადება,2014,32 04
განათლება მეცნიერება და პროფესიული მომზადება,2014,32 05
განათლება მეცნიერება და პროფესიული მომზადება,2014,32 03
განათლება მეცნიერება და პროფესიული მომზადება,2014,32 06
განათლება მეცნიერება და პროფესიული მომზადება,2014,29 02
განათლება მეცნიერება და პროფესიული მომზადება,2014,33 03
განათლება მეცნიერება და პროფესიული მომზადება,2014,32 01
განათლება მეცნიერება და პროფესიული მომზადება,2014,01 02
განათლება მეცნიერება და პროფესიული მომზადება,2014,30 03
განათლება მეცნიერება და პროფესიული მომზადება,2014,26 04
განათლება მეცნიერება და პროფესიული მომზადება,2014,35 06
განათლება მეცნიერება და პროფესიული მომზადება,2014,09 02
განათლება მეცნიერება და პროფესიული მომზადება,2014,27 03
განათლება მეცნიერება და პროფესიული მომზადება,2014,23 05
განათლება მეცნიერება და პროფესიული მომზადება,2014,01 03
განათლება მეცნიერება და პროფესიული მომზადება,2014,28 02
მაკროეკონომიკური სტაბილურობა და საინვესტიციო გარემოს გაუმჯობესება,2014,24 01
მაკროეკონომიკური სტაბილურობა და საინვესტიციო გარემოს გაუმჯობესება,2014,23 02
მაკროეკონომიკური სტაბილურობა და საინვესტიციო გარემოს გაუმჯობესება,2014,23 01
მაკროეკონომიკური სტაბილურობა და საინვესტიციო გარემოს გაუმჯობესება,2014,47 03
მაკროეკონომიკური სტაბილურობა და საინვესტიციო გარემოს გაუმჯობესება,2014,23 04
მაკროეკონომიკური სტაბილურობა და საინვესტიციო გარემოს გაუმჯობესება,2014,47 01
მაკროეკონომიკური სტაბილურობა და საინვესტიციო გარემოს გაუმჯობესება,2014,40 02
მაკროეკონომიკური სტაბილურობა და საინვესტიციო გარემოს გაუმჯობესება,2014,47 02
მაკროეკონომიკური სტაბილურობა და საინვესტიციო გარემოს გაუმჯობესება,2014,49 02
მაკროეკონომიკური სტაბილურობა და საინვესტიციო გარემოს გაუმჯობესება,2014,49 01
მაკროეკონომიკური სტაბილურობა და საინვესტიციო გარემოს გაუმჯობესება,2014,24 03
მაკროეკონომიკური სტაბილურობა და საინვესტიციო გარემოს გაუმჯობესება,2014,43 01
მაკროეკონომიკური სტაბილურობა და საინვესტიციო გარემოს გაუმჯობესება,2014,52 00
მაკროეკონომიკური სტაბილურობა და საინვესტიციო გარემოს გაუმჯობესება,2014,24 04
ინსტიტუციური განვითარება და ქვეყნის ინტერესების სამართლებრივი მხარდაჭერა,2014,01 01
ინსტიტუციური განვითარება და ქვეყნის ინტერესების სამართლებრივი მხარდაჭერა,2014,06 02
ინსტიტუციური განვითარება და ქვეყნის ინტერესების სამართლებრივი მხარდაჭერა,2014,04 00
ინსტიტუციური განვითარება და ქვეყნის ინტერესების სამართლებრივი მხარდაჭერა,2014,06 04
ინსტიტუციური განვითარება და ქვეყნის ინტერესების სამართლებრივი მხარდაჭერა,2014,05 01
ინსტიტუციური განვითარება და ქვეყნის ინტერესების სამართლებრივი მხარდაჭერა,2014,02 00
ინსტიტუციური განვითარება და ქვეყნის ინტერესების სამართლებრივი მხარდაჭერა,2014,26 01
ინსტიტუციური განვითარება და ქვეყნის ინტერესების სამართლებრივი მხარდაჭერა,2014,06 01
ინსტიტუციური განვითარება და ქვეყნის ინტერესების სამართლებრივი მხარდაჭერა,2014,26 03
ინსტიტუციური განვითარება და ქვეყნის ინტერესების სამართლებრივი მხარდაჭერა,2014,44 00
ინსტიტუციური განვითარება და ქვეყნის ინტერესების სამართლებრივი მხარდაჭერა,2014,26 05
ინსტიტუციური განვითარება და ქვეყნის ინტერესების სამართლებრივი მხარდაჭერა,2014,41 01
ინსტიტუციური განვითარება და ქვეყნის ინტერესების სამართლებრივი მხარდაჭერა,2014,26 06
ინსტიტუციური განვითარება და ქვეყნის ინტერესების სამართლებრივი მხარდაჭერა,2014,26 09
ინსტიტუციური განვითარება და ქვეყნის ინტერესების სამართლებრივი მხარდაჭერა,2014,48 00
ინსტიტუციური განვითარება და ქვეყნის ინტერესების სამართლებრივი მხარდაჭერა,2014,26 08
ინსტიტუციური განვითარება და ქვეყნის ინტერესების სამართლებრივი მხარდაჭერა,2014,26 10
ინსტიტუციური განვითარება და ქვეყნის ინტერესების სამართლებრივი მხარდაჭერა,2014,13 00
ინსტიტუციური განვითარება და ქვეყნის ინტერესების სამართლებრივი მხარდაჭერა,2014,14 00
ინსტიტუციური განვითარება და ქვეყნის ინტერესების სამართლებრივი მხარდაჭერა,2014,18 00
ინსტიტუციური განვითარება და ქვეყნის ინტერესების სამართლებრივი მხარდაჭერა,2014,19 00
ინსტიტუციური განვითარება და ქვეყნის ინტერესების სამართლებრივი მხარდაჭერა,2014,06 03
ინსტიტუციური განვითარება და ქვეყნის ინტერესების სამართლებრივი მხარდაჭერა,2014,12 00
ინსტიტუციური განვითარება და ქვეყნის ინტერესების სამართლებრივი მხარდაჭერა,2014,15 00
ინსტიტუციური განვითარება და ქვეყნის ინტერესების სამართლებრივი მხარდაჭერა,2014,16 00
ინსტიტუციური განვითარება და ქვეყნის ინტერესების სამართლებრივი მხარდაჭერა,2014,17 00
ინსტიტუციური განვითარება და ქვეყნის ინტერესების სამართლებრივი მხარდაჭერა,2014,50 00
ინსტიტუციური განვითარება და ქვეყნის ინტერესების სამართლებრივი მხარდაჭერა,2014,51 00
ინსტიტუციური განვითარება და ქვეყნის ინტერესების სამართლებრივი მხარდაჭერა,2014,26 13
იძულებით გადაადგილებულ პირთა და მიგრანტთა სახელმწიფო მხარდაჭერა და რეინტეგრაციის ხელშეწყობა,2014,25 05
იძულებით გადაადგილებულ პირთა და მიგრანტთა სახელმწიფო მხარდაჭერა და რეინტეგრაციის ხელშეწყობა,2014,34 02
იძულებით გადაადგილებულ პირთა და მიგრანტთა სახელმწიფო მხარდაჭერა და რეინტეგრაციის ხელშეწყობა,2014,34 01
იძულებით გადაადგილებულ პირთა და მიგრანტთა სახელმწიფო მხარდაჭერა და რეინტეგრაციის ხელშეწყობა,2014,22 00
"კულტურა, რელიგია, ახალგაზრდობის ხელშეწყობა და სპორტი",2014,33 02
"კულტურა, რელიგია, ახალგაზრდობის ხელშეწყობა და სპორტი",2014,39 02
"კულტურა, რელიგია, ახალგაზრდობის ხელშეწყობა და სპორტი",2014,42 00
"კულტურა, რელიგია, ახალგაზრდობის ხელშეწყობა და სპორტი",2014,33 04
"კულტურა, რელიგია, ახალგაზრდობის ხელშეწყობა და სპორტი",2014,45 01
"კულტურა, რელიგია, ახალგაზრდობის ხელშეწყობა და სპორტი",2014,39 04
"კულტურა, რელიგია, ახალგაზრდობის ხელშეწყობა და სპორტი",2014,33 01
"კულტურა, რელიგია, ახალგაზრდობის ხელშეწყობა და სპორტი",2014,39 03
"კულტურა, რელიგია, ახალგაზრდობის ხელშეწყობა და სპორტი",2014,33 05
"კულტურა, რელიგია, ახალგაზრდობის ხელშეწყობა და სპორტი",2014,39 01
"კულტურა, რელიგია, ახალგაზრდობის ხელშეწყობა და სპორტი",2014,45 09
"კულტურა, რელიგია, ახალგაზრდობის ხელშეწყობა და სპორტი",2014,45 08
"კულტურა, რელიგია, ახალგაზრდობის ხელშეწყობა და სპორტი",2014,45 03
"კულტურა, რელიგია, ახალგაზრდობის ხელშეწყობა და სპორტი",2014,45 04
"კულტურა, რელიგია, ახალგაზრდობის ხელშეწყობა და სპორტი",2014,45 11
"კულტურა, რელიგია, ახალგაზრდობის ხელშეწყობა და სპორტი",2014,45 13
"კულტურა, რელიგია, ახალგაზრდობის ხელშეწყობა და სპორტი",2014,45 12
"კულტურა, რელიგია, ახალგაზრდობის ხელშეწყობა და სპორტი",2014,45 06
"კულტურა, რელიგია, ახალგაზრდობის ხელშეწყობა და სპორტი",2014,45 05
"კულტურა, რელიგია, ახალგაზრდობის ხელშეწყობა და სპორტი",2014,45 07
"კულტურა, რელიგია, ახალგაზრდობის ხელშეწყობა და სპორტი",2014,45 02
"კულტურა, რელიგია, ახალგაზრდობის ხელშეწყობა და სპორტი",2014,45 10
საერთაშორისო ურთიერთობები და ევროატლანტიკურ სივრცეში ინტეგრაცია,2014,28 01
საერთაშორისო ურთიერთობები და ევროატლანტიკურ სივრცეში ინტეგრაცია,2014,20 00
საერთაშორისო ურთიერთობები და ევროატლანტიკურ სივრცეში ინტეგრაცია,2014,21 00
სოფლის მეურნეობა,2014,37 01
სოფლის მეურნეობა,2014,37 02
სოფლის მეურნეობა,2014,37 03
სასამართლო სისტემა,2014,09 01
სასამართლო სისტემა,2014,08 01
სასამართლო სისტემა,2014,10 00
სასამართლო სისტემა,2014,26 12
სასამართლო სისტემა,2014,46 00
სასამართლო სისტემა,2014,07 00
გარემოს დაცვა და ბუნებრივი რესურსების მართვა,2014,38 04
გარემოს დაცვა და ბუნებრივი რესურსების მართვა,2014,38 02
გარემოს დაცვა და ბუნებრივი რესურსების მართვა,2014,38 01
გარემოს დაცვა და ბუნებრივი რესურსების მართვა,2014,38 06
გარემოს დაცვა და ბუნებრივი რესურსების მართვა,2014,38 05
გარემოს დაცვა და ბუნებრივი რესურსების მართვა,2014,38 07
გარემოს დაცვა და ბუნებრივი რესურსების მართვა,2014,38 03
"თავდაცვა, საზოგადოებრივი წესრიგი და უსაფრთხოება",2015,29 01
"თავდაცვა, საზოგადოებრივი წესრიგი და უსაფრთხოება",2015,30 01
"თავდაცვა, საზოგადოებრივი წესრიგი და უსაფრთხოება",2015,27 02
"თავდაცვა, საზოგადოებრივი წესრიგი და უსაფრთხოება",2015,40 01
"თავდაცვა, საზოგადოებრივი წესრიგი და უსაფრთხოება",2015,60 00
"თავდაცვა, საზოგადოებრივი წესრიგი და უსაფრთხოება",2015,26 02
"თავდაცვა, საზოგადოებრივი წესრიგი და უსაფრთხოება",2015,29 05
"თავდაცვა, საზოგადოებრივი წესრიგი და უსაფრთხოება",2015,30 06
"თავდაცვა, საზოგადოებრივი წესრიგი და უსაფრთხოება",2015,23 03
"თავდაცვა, საზოგადოებრივი წესრიგი და უსაფრთხოება",2015,31 00
"თავდაცვა, საზოგადოებრივი წესრიგი და უსაფრთხოება",2015,30 02
"თავდაცვა, საზოგადოებრივი წესრიგი და უსაფრთხოება",2015,27 01
"თავდაცვა, საზოგადოებრივი წესრიგი და უსაფრთხოება",2015,59 00
"თავდაცვა, საზოგადოებრივი წესრიგი და უსაფრთხოება",2015,24 06
"თავდაცვა, საზოგადოებრივი წესრიგი და უსაფრთხოება",2015,03 01
"თავდაცვა, საზოგადოებრივი წესრიგი და უსაფრთხოება",2015,29 04
"თავდაცვა, საზოგადოებრივი წესრიგი და უსაფრთხოება",2015,26 07
"თავდაცვა, საზოგადოებრივი წესრიგი და უსაფრთხოება",2015,30 05
"თავდაცვა, საზოგადოებრივი წესრიგი და უსაფრთხოება",2015,30 07
"თავდაცვა, საზოგადოებრივი წესრიგი და უსაფრთხოება",2015,30 08
"თავდაცვა, საზოგადოებრივი წესრიგი და უსაფრთხოება",2015,40 03
განათლება მეცნიერება და პროფესიული მომზადება,2015,32 02 
განათლება მეცნიერება და პროფესიული მომზადება,2015,32 04 
განათლება მეცნიერება და პროფესიული მომზადება,2015,32 05 
განათლება მეცნიერება და პროფესიული მომზადება,2015,32 06 
განათლება მეცნიერება და პროფესიული მომზადება,2015,32 03 
განათლება მეცნიერება და პროფესიული მომზადება,2015,29 02 
განათლება მეცნიერება და პროფესიული მომზადება,2015,32 01 
განათლება მეცნიერება და პროფესიული მომზადება,2015,33 03 
განათლება მეცნიერება და პროფესიული მომზადება,2015,01 02 
განათლება მეცნიერება და პროფესიული მომზადება,2015,30 03 
განათლება მეცნიერება და პროფესიული მომზადება,2015,61 00 
განათლება მეცნიერება და პროფესიული მომზადება,2015,26 04 
განათლება მეცნიერება და პროფესიული მომზადება,2015,09 02 
განათლება მეცნიერება და პროფესიული მომზადება,2015,27 03 
განათლება მეცნიერება და პროფესიული მომზადება,2015,23 05 
განათლება მეცნიერება და პროფესიული მომზადება,2015,01 03 
განათლება მეცნიერება და პროფესიული მომზადება,2015,28 02
განათლება მეცნიერება და პროფესიული მომზადება,2015,24 10
განათლება მეცნიერება და პროფესიული მომზადება,2015,64 00
მაკროეკონომიკური სტაბილურობა და საინვესტიციო გარემოს გაუმჯობესება,2015,24 01
მაკროეკონომიკური სტაბილურობა და საინვესტიციო გარემოს გაუმჯობესება,2015,23 02
მაკროეკონომიკური სტაბილურობა და საინვესტიციო გარემოს გაუმჯობესება,2015,23 01
მაკროეკონომიკური სტაბილურობა და საინვესტიციო გარემოს გაუმჯობესება,2015,23 04
მაკროეკონომიკური სტაბილურობა და საინვესტიციო გარემოს გაუმჯობესება,2015,40 02
მაკროეკონომიკური სტაბილურობა და საინვესტიციო გარემოს გაუმჯობესება,2015,47 01
მაკროეკონომიკური სტაბილურობა და საინვესტიციო გარემოს გაუმჯობესება,2015,47 03
მაკროეკონომიკური სტაბილურობა და საინვესტიციო გარემოს გაუმჯობესება,2015,56 00
მაკროეკონომიკური სტაბილურობა და საინვესტიციო გარემოს გაუმჯობესება,2015,43 00
მაკროეკონომიკური სტაბილურობა და საინვესტიციო გარემოს გაუმჯობესება,2015,47 02
მაკროეკონომიკური სტაბილურობა და საინვესტიციო გარემოს გაუმჯობესება,2015,49 02
მაკროეკონომიკური სტაბილურობა და საინვესტიციო გარემოს გაუმჯობესება,2015,49 01
მაკროეკონომიკური სტაბილურობა და საინვესტიციო გარემოს გაუმჯობესება,2015,24 03
მაკროეკონომიკური სტაბილურობა და საინვესტიციო გარემოს გაუმჯობესება,2015,04 03
მაკროეკონომიკური სტაბილურობა და საინვესტიციო გარემოს გაუმჯობესება,2015,04 04
მაკროეკონომიკური სტაბილურობა და საინვესტიციო გარემოს გაუმჯობესება,2015,52 01
მაკროეკონომიკური სტაბილურობა და საინვესტიციო გარემოს გაუმჯობესება,2015,24 04
მაკროეკონომიკური სტაბილურობა და საინვესტიციო გარემოს გაუმჯობესება,2015,23 06
მაკროეკონომიკური სტაბილურობა და საინვესტიციო გარემოს გაუმჯობესება,2015,62 00
იძულებით გადაადგილებულ პირთა და მიგრანტთა სახელმწიფო მხარდაჭერა და რეინტეგრაციის ხელშეწყობა,2015,34 02
იძულებით გადაადგილებულ პირთა და მიგრანტთა სახელმწიფო მხარდაჭერა და რეინტეგრაციის ხელშეწყობა,2015,25 05
იძულებით გადაადგილებულ პირთა და მიგრანტთა სახელმწიფო მხარდაჭერა და რეინტეგრაციის ხელშეწყობა,2015,34 01
იძულებით გადაადგილებულ პირთა და მიგრანტთა სახელმწიფო მხარდაჭერა და რეინტეგრაციის ხელშეწყობა,2015,22 00
იძულებით გადაადგილებულ პირთა და მიგრანტთა სახელმწიფო მხარდაჭერა და რეინტეგრაციის ხელშეწყობა,2015,34 03
"კულტურა, რელიგია, ახალგაზრდობის ხელშეწყობა და სპორტი",2015,33 02
"კულტურა, რელიგია, ახალგაზრდობის ხელშეწყობა და სპორტი",2015,39 02
"კულტურა, რელიგია, ახალგაზრდობის ხელშეწყობა და სპორტი",2015,42 01
"კულტურა, რელიგია, ახალგაზრდობის ხელშეწყობა და სპორტი",2015,33 04
"კულტურა, რელიგია, ახალგაზრდობის ხელშეწყობა და სპორტი",2015,45 01
"კულტურა, რელიგია, ახალგაზრდობის ხელშეწყობა და სპორტი",2015,39 04
"კულტურა, რელიგია, ახალგაზრდობის ხელშეწყობა და სპორტი",2015,33 01
"კულტურა, რელიგია, ახალგაზრდობის ხელშეწყობა და სპორტი",2015,39 03
"კულტურა, რელიგია, ახალგაზრდობის ხელშეწყობა და სპორტი",2015,55 02
"კულტურა, რელიგია, ახალგაზრდობის ხელშეწყობა და სპორტი",2015,39 01
"კულტურა, რელიგია, ახალგაზრდობის ხელშეწყობა და სპორტი",2015,45 09
"კულტურა, რელიგია, ახალგაზრდობის ხელშეწყობა და სპორტი",2015,45 08
"კულტურა, რელიგია, ახალგაზრდობის ხელშეწყობა და სპორტი",2015,45 03
"კულტურა, რელიგია, ახალგაზრდობის ხელშეწყობა და სპორტი",2015,45 04
"კულტურა, რელიგია, ახალგაზრდობის ხელშეწყობა და სპორტი",2015,45 11
"კულტურა, რელიგია, ახალგაზრდობის ხელშეწყობა და სპორტი",2015,55 01
"კულტურა, რელიგია, ახალგაზრდობის ხელშეწყობა და სპორტი",2015,45 13
"კულტურა, რელიგია, ახალგაზრდობის ხელშეწყობა და სპორტი",2015,45 12
"კულტურა, რელიგია, ახალგაზრდობის ხელშეწყობა და სპორტი",2015,45 06
"კულტურა, რელიგია, ახალგაზრდობის ხელშეწყობა და სპორტი",2015,45 05
"კულტურა, რელიგია, ახალგაზრდობის ხელშეწყობა და სპორტი",2015,45 07
"კულტურა, რელიგია, ახალგაზრდობის ხელშეწყობა და სპორტი",2015,45 02
"კულტურა, რელიგია, ახალგაზრდობის ხელშეწყობა და სპორტი",2015,45 10
საერთაშორისო ურთიერთობები და ევროატლანტიკურ სივრცეში ინტეგრაცია,2015,28 01
საერთაშორისო ურთიერთობები და ევროატლანტიკურ სივრცეში ინტეგრაცია,2015,20 00
საერთაშორისო ურთიერთობები და ევროატლანტიკურ სივრცეში ინტეგრაცია,2015,21 00
სოფლის მეურნეობა,2015,37 01
სოფლის მეურნეობა,2015,37 02
სოფლის მეურნეობა,2015,37 03
სოფლის მეურნეობა,2015,37 04
სასამართლო სისტემა,2015,09 01
სასამართლო სისტემა,2015,08 01
სასამართლო სისტემა,2015,46 00
სასამართლო სისტემა,2015,07 00
სასამართლო სისტემა,2015,10 00
სასამართლო სისტემა,2015,26 12
გარემოს დაცვა და ბუნებრივი რესურსების მართვა,2015,38 02
გარემოს დაცვა და ბუნებრივი რესურსების მართვა,2015,38 04
გარემოს დაცვა და ბუნებრივი რესურსების მართვა,2015,38 03
გარემოს დაცვა და ბუნებრივი რესურსების მართვა,2015,38 01
გარემოს დაცვა და ბუნებრივი რესურსების მართვა,2015,38 05
გარემოს დაცვა და ბუნებრივი რესურსების მართვა,2015,38 06
გარემოს დაცვა და ბუნებრივი რესურსების მართვა,2015,38 07
ხელმისაწვდომი ხარისხიანი ჯანმრთელობის დაცვა და სოციალური უზრუნველყოფა,2015,35 02 
ხელმისაწვდომი ხარისხიანი ჯანმრთელობის დაცვა და სოციალური უზრუნველყოფა,2015,35 03 
ხელმისაწვდომი ხარისხიანი ჯანმრთელობის დაცვა და სოციალური უზრუნველყოფა,2015,35 01
ხელმისაწვდომი ხარისხიანი ჯანმრთელობის დაცვა და სოციალური უზრუნველყოფა,2015,35 04
ხელმისაწვდომი ხარისხიანი ჯანმრთელობის დაცვა და სოციალური უზრუნველყოფა,2015,27 04
ხელმისაწვდომი ხარისხიანი ჯანმრთელობის დაცვა და სოციალური უზრუნველყოფა,2015,29 03
ხელმისაწვდომი ხარისხიანი ჯანმრთელობის დაცვა და სოციალური უზრუნველყოფა,2015,54 00
ხელმისაწვდომი ხარისხიანი ჯანმრთელობის დაცვა და სოციალური უზრუნველყოფა,2015,35 05
ხელმისაწვდომი ხარისხიანი ჯანმრთელობის დაცვა და სოციალური უზრუნველყოფა,2015,30 04
ხელმისაწვდომი ხარისხიანი ჯანმრთელობის დაცვა და სოციალური უზრუნველყოფა,2015,57 00
"რეგიონალური განვითარება, ინფრასტრუქტურა და ტურიზმი",2015,25 02
"რეგიონალური განვითარება, ინფრასტრუქტურა და ტურიზმი",2015,25 03
"რეგიონალური განვითარება, ინფრასტრუქტურა და ტურიზმი",2015,25 04
"რეგიონალური განვითარება, ინფრასტრუქტურა და ტურიზმი",2015,36 03
"რეგიონალური განვითარება, ინფრასტრუქტურა და ტურიზმი",2015,36 01
"რეგიონალური განვითარება, ინფრასტრუქტურა და ტურიზმი",2015,36 02
"რეგიონალური განვითარება, ინფრასტრუქტურა და ტურიზმი",2015,24 05
"რეგიონალური განვითარება, ინფრასტრუქტურა და ტურიზმი",2015,25 01
"რეგიონალური განვითარება, ინფრასტრუქტურა და ტურიზმი",2015,24 02
"რეგიონალური განვითარება, ინფრასტრუქტურა და ტურიზმი",2015,24 07
"რეგიონალური განვითარება, ინფრასტრუქტურა და ტურიზმი",2015,24 11
"რეგიონალური განვითარება, ინფრასტრუქტურა და ტურიზმი",2015,24 14 
"რეგიონალური განვითარება, ინფრასტრუქტურა და ტურიზმი",2015,24 13
"რეგიონალური განვითარება, ინფრასტრუქტურა და ტურიზმი",2015,24 12
ინსტიტუციური განვითარება და ქვეყნის ინტერესების სამართლებრივი მხარდაჭერა,2015,01 01 
ინსტიტუციური განვითარება და ქვეყნის ინტერესების სამართლებრივი მხარდაჭერა,2015,04 01
ინსტიტუციური განვითარება და ქვეყნის ინტერესების სამართლებრივი მხარდაჭერა,2015,05 01
ინსტიტუციური განვითარება და ქვეყნის ინტერესების სამართლებრივი მხარდაჭერა,2015,06 04
ინსტიტუციური განვითარება და ქვეყნის ინტერესების სამართლებრივი მხარდაჭერა,2015,02 00
ინსტიტუციური განვითარება და ქვეყნის ინტერესების სამართლებრივი მხარდაჭერა,2015,06 01
ინსტიტუციური განვითარება და ქვეყნის ინტერესების სამართლებრივი მხარდაჭერა,2015,26 01
ინსტიტუციური განვითარება და ქვეყნის ინტერესების სამართლებრივი მხარდაჭერა,2015,26 03
ინსტიტუციური განვითარება და ქვეყნის ინტერესების სამართლებრივი მხარდაჭერა,2015,26 08
ინსტიტუციური განვითარება და ქვეყნის ინტერესების სამართლებრივი მხარდაჭერა,2015,53 00
ინსტიტუციური განვითარება და ქვეყნის ინტერესების სამართლებრივი მხარდაჭერა,2015,41 01
ინსტიტუციური განვითარება და ქვეყნის ინტერესების სამართლებრივი მხარდაჭერა,2015,44 00
ინსტიტუციური განვითარება და ქვეყნის ინტერესების სამართლებრივი მხარდაჭერა,2015,26 06
ინსტიტუციური განვითარება და ქვეყნის ინტერესების სამართლებრივი მხარდაჭერა,2015,26 05
ინსტიტუციური განვითარება და ქვეყნის ინტერესების სამართლებრივი მხარდაჭერა,2015,51 00
ინსტიტუციური განვითარება და ქვეყნის ინტერესების სამართლებრივი მხარდაჭერა,2015,48 00
ინსტიტუციური განვითარება და ქვეყნის ინტერესების სამართლებრივი მხარდაჭერა,2015,50 00
ინსტიტუციური განვითარება და ქვეყნის ინტერესების სამართლებრივი მხარდაჭერა,2015,26 14
ინსტიტუციური განვითარება და ქვეყნის ინტერესების სამართლებრივი მხარდაჭერა,2015,18 00
ინსტიტუციური განვითარება და ქვეყნის ინტერესების სამართლებრივი მხარდაჭერა,2015,26 10
ინსტიტუციური განვითარება და ქვეყნის ინტერესების სამართლებრივი მხარდაჭერა,2015,11 00
ინსტიტუციური განვითარება და ქვეყნის ინტერესების სამართლებრივი მხარდაჭერა,2015,13 00
ინსტიტუციური განვითარება და ქვეყნის ინტერესების სამართლებრივი მხარდაჭერა,2015,14 00
ინსტიტუციური განვითარება და ქვეყნის ინტერესების სამართლებრივი მხარდაჭერა,2015,06 03
ინსტიტუციური განვითარება და ქვეყნის ინტერესების სამართლებრივი მხარდაჭერა,2015,19 00
ინსტიტუციური განვითარება და ქვეყნის ინტერესების სამართლებრივი მხარდაჭერა,2015,12 00
ინსტიტუციური განვითარება და ქვეყნის ინტერესების სამართლებრივი მხარდაჭერა,2015,17 00
ინსტიტუციური განვითარება და ქვეყნის ინტერესების სამართლებრივი მხარდაჭერა,2015,15 00
ინსტიტუციური განვითარება და ქვეყნის ინტერესების სამართლებრივი მხარდაჭერა,2015,16 00
ინსტიტუციური განვითარება და ქვეყნის ინტერესების სამართლებრივი მხარდაჭერა,2015,26 09
ინსტიტუციური განვითარება და ქვეყნის ინტერესების სამართლებრივი მხარდაჭერა,2015,26 11
ინსტიტუციური განვითარება და ქვეყნის ინტერესების სამართლებრივი მხარდაჭერა,2015,26 13
ინსტიტუციური განვითარება და ქვეყნის ინტერესების სამართლებრივი მხარდაჭერა,2015,05 02
"თავდაცვა, საზოგადოებრივი წესრიგი და უსაფრთხოება",2016,30 01
"თავდაცვა, საზოგადოებრივი წესრიგი და უსაფრთხოება",2016,29 01
"თავდაცვა, საზოგადოებრივი წესრიგი და უსაფრთხოება",2016,27 01
"თავდაცვა, საზოგადოებრივი წესრიგი და უსაფრთხოება",2016,60 00
"თავდაცვა, საზოგადოებრივი წესრიგი და უსაფრთხოება",2016,30 06
"თავდაცვა, საზოგადოებრივი წესრიგი და უსაფრთხოება",2016,29 06
"თავდაცვა, საზოგადოებრივი წესრიგი და უსაფრთხოება",2016,40 01
"თავდაცვა, საზოგადოებრივი წესრიგი და უსაფრთხოება",2016,26 02
"თავდაცვა, საზოგადოებრივი წესრიგი და უსაფრთხოება",2016,29 07 
"თავდაცვა, საზოგადოებრივი წესრიგი და უსაფრთხოება",2016,23 03 
"თავდაცვა, საზოგადოებრივი წესრიგი და უსაფრთხოება",2016,29 05 
"თავდაცვა, საზოგადოებრივი წესრიგი და უსაფრთხოება",2016,31 00 
"თავდაცვა, საზოგადოებრივი წესრიგი და უსაფრთხოება",2016,30 02 
"თავდაცვა, საზოგადოებრივი წესრიგი და უსაფრთხოება",2016,27 02
"თავდაცვა, საზოგადოებრივი წესრიგი და უსაფრთხოება",2016,29 04
"თავდაცვა, საზოგადოებრივი წესრიგი და უსაფრთხოება",2016,59 01
"თავდაცვა, საზოგადოებრივი წესრიგი და უსაფრთხოება",2016,24 06
"თავდაცვა, საზოგადოებრივი წესრიგი და უსაფრთხოება",2016,03 01
"თავდაცვა, საზოგადოებრივი წესრიგი და უსაფრთხოება",2016,26 07
"თავდაცვა, საზოგადოებრივი წესრიგი და უსაფრთხოება",2016,30 05
"თავდაცვა, საზოგადოებრივი წესრიგი და უსაფრთხოება",2016,30 07
"თავდაცვა, საზოგადოებრივი წესრიგი და უსაფრთხოება",2016,30 08
"თავდაცვა, საზოგადოებრივი წესრიგი და უსაფრთხოება",2016,40 03
განათლება მეცნიერება და პროფესიული მომზადება,2016,32 02
განათლება მეცნიერება და პროფესიული მომზადება,2016,32 04
განათლება მეცნიერება და პროფესიული მომზადება,2016,32 06
განათლება მეცნიერება და პროფესიული მომზადება,2016,32 07
განათლება მეცნიერება და პროფესიული მომზადება,2016,32 05
განათლება მეცნიერება და პროფესიული მომზადება,2016,32 03
განათლება მეცნიერება და პროფესიული მომზადება,2016,29 02
განათლება მეცნიერება და პროფესიული მომზადება,2016,33 03
განათლება მეცნიერება და პროფესიული მომზადება,2016,32 01
განათლება მეცნიერება და პროფესიული მომზადება,2016,01 02
განათლება მეცნიერება და პროფესიული მომზადება,2016,30 03
განათლება მეცნიერება და პროფესიული მომზადება,2016,58 00
განათლება მეცნიერება და პროფესიული მომზადება,2016,26 04
განათლება მეცნიერება და პროფესიული მომზადება,2016,09 02
განათლება მეცნიერება და პროფესიული მომზადება,2016,23 05
განათლება მეცნიერება და პროფესიული მომზადება,2016,27 03
განათლება მეცნიერება და პროფესიული მომზადება,2016,01 03
განათლება მეცნიერება და პროფესიული მომზადება,2016,28 02
განათლება მეცნიერება და პროფესიული მომზადება,2016,64 00
განათლება მეცნიერება და პროფესიული მომზადება,2016,24 10
მაკროეკონომიკური სტაბილურობა და საინვესტიციო გარემოს გაუმჯობესება,2016,24 01
მაკროეკონომიკური სტაბილურობა და საინვესტიციო გარემოს გაუმჯობესება,2016,23 02
მაკროეკონომიკური სტაბილურობა და საინვესტიციო გარემოს გაუმჯობესება,2016,23 01
მაკროეკონომიკური სტაბილურობა და საინვესტიციო გარემოს გაუმჯობესება,2016,23 04
მაკროეკონომიკური სტაბილურობა და საინვესტიციო გარემოს გაუმჯობესება,2016,40 02
მაკროეკონომიკური სტაბილურობა და საინვესტიციო გარემოს გაუმჯობესება,2016,47 01
მაკროეკონომიკური სტაბილურობა და საინვესტიციო გარემოს გაუმჯობესება,2016,47 02
მაკროეკონომიკური სტაბილურობა და საინვესტიციო გარემოს გაუმჯობესება,2016,49 00
მაკროეკონომიკური სტაბილურობა და საინვესტიციო გარემოს გაუმჯობესება,2016,56 00
მაკროეკონომიკური სტაბილურობა და საინვესტიციო გარემოს გაუმჯობესება,2016,43 00
მაკროეკონომიკური სტაბილურობა და საინვესტიციო გარემოს გაუმჯობესება,2016,52 00
მაკროეკონომიკური სტაბილურობა და საინვესტიციო გარემოს გაუმჯობესება,2016,24 03
მაკროეკონომიკური სტაბილურობა და საინვესტიციო გარემოს გაუმჯობესება,2016,04 02
მაკროეკონომიკური სტაბილურობა და საინვესტიციო გარემოს გაუმჯობესება,2016,04 03
მაკროეკონომიკური სტაბილურობა და საინვესტიციო გარემოს გაუმჯობესება,2016,47 03
მაკროეკონომიკური სტაბილურობა და საინვესტიციო გარემოს გაუმჯობესება,2016,24 04
მაკროეკონომიკური სტაბილურობა და საინვესტიციო გარემოს გაუმჯობესება,2016,24 08
მაკროეკონომიკური სტაბილურობა და საინვესტიციო გარემოს გაუმჯობესება,2016,63 00
მაკროეკონომიკური სტაბილურობა და საინვესტიციო გარემოს გაუმჯობესება,2016,23 06
იძულებით გადაადგილებულ პირთა და მიგრანტთა სახელმწიფო მხარდაჭერა და რეინტეგრაციის ხელშეწყობა,2016,34 02
იძულებით გადაადგილებულ პირთა და მიგრანტთა სახელმწიფო მხარდაჭერა და რეინტეგრაციის ხელშეწყობა,2016,34 01
იძულებით გადაადგილებულ პირთა და მიგრანტთა სახელმწიფო მხარდაჭერა და რეინტეგრაციის ხელშეწყობა,2016,22 00
იძულებით გადაადგილებულ პირთა და მიგრანტთა სახელმწიფო მხარდაჭერა და რეინტეგრაციის ხელშეწყობა,2016,34 03
იძულებით გადაადგილებულ პირთა და მიგრანტთა სახელმწიფო მხარდაჭერა და რეინტეგრაციის ხელშეწყობა,2016,25 05
"კულტურა, რელიგია, ახალგაზრდობის ხელშეწყობა და სპორტი",2016,39 02
"კულტურა, რელიგია, ახალგაზრდობის ხელშეწყობა და სპორტი",2016,33 02
"კულტურა, რელიგია, ახალგაზრდობის ხელშეწყობა და სპორტი",2016,42 01
"კულტურა, რელიგია, ახალგაზრდობის ხელშეწყობა და სპორტი",2016,33 04
"კულტურა, რელიგია, ახალგაზრდობის ხელშეწყობა და სპორტი",2016,45 01
"კულტურა, რელიგია, ახალგაზრდობის ხელშეწყობა და სპორტი",2016,39 04
"კულტურა, რელიგია, ახალგაზრდობის ხელშეწყობა და სპორტი",2016,39 03
"კულტურა, რელიგია, ახალგაზრდობის ხელშეწყობა და სპორტი",2016,33 01
"კულტურა, რელიგია, ახალგაზრდობის ხელშეწყობა და სპორტი",2016,55 00
"კულტურა, რელიგია, ახალგაზრდობის ხელშეწყობა და სპორტი",2016,39 01
"კულტურა, რელიგია, ახალგაზრდობის ხელშეწყობა და სპორტი",2016,45 09
"კულტურა, რელიგია, ახალგაზრდობის ხელშეწყობა და სპორტი",2016,45 08
"კულტურა, რელიგია, ახალგაზრდობის ხელშეწყობა და სპორტი",2016,45 03
"კულტურა, რელიგია, ახალგაზრდობის ხელშეწყობა და სპორტი",2016,45 04
"კულტურა, რელიგია, ახალგაზრდობის ხელშეწყობა და სპორტი",2016,45 11
"კულტურა, რელიგია, ახალგაზრდობის ხელშეწყობა და სპორტი",2016,45 13
"კულტურა, რელიგია, ახალგაზრდობის ხელშეწყობა და სპორტი",2016,45 12
"კულტურა, რელიგია, ახალგაზრდობის ხელშეწყობა და სპორტი",2016,45 06
"კულტურა, რელიგია, ახალგაზრდობის ხელშეწყობა და სპორტი",2016,45 05
"კულტურა, რელიგია, ახალგაზრდობის ხელშეწყობა და სპორტი",2016,45 07
"კულტურა, რელიგია, ახალგაზრდობის ხელშეწყობა და სპორტი",2016,45 02
"კულტურა, რელიგია, ახალგაზრდობის ხელშეწყობა და სპორტი",2016,45 10
საერთაშორისო ურთიერთობები და ევროატლანტიკურ სივრცეში ინტეგრაცია,2016,28 01
საერთაშორისო ურთიერთობები და ევროატლანტიკურ სივრცეში ინტეგრაცია,2016,20 00
საერთაშორისო ურთიერთობები და ევროატლანტიკურ სივრცეში ინტეგრაცია,2016,21 00
სოფლის მეურნეობა,2016,37 01 
სოფლის მეურნეობა,2016,37 03 
სოფლის მეურნეობა,2016,37 02
სოფლის მეურნეობა,2016,37 04
სასამართლო სისტემა,2016,09 01
სასამართლო სისტემა,2016,08 00
სასამართლო სისტემა,2016,46 00
სასამართლო სისტემა,2016,07 00
სასამართლო სისტემა,2016,10 00
სასამართლო სისტემა,2016,26 13
გარემოს დაცვა და ბუნებრივი რესურსების მართვა,2016,38 03
გარემოს დაცვა და ბუნებრივი რესურსების მართვა,2016,38 02
გარემოს დაცვა და ბუნებრივი რესურსების მართვა,2016,38 04
გარემოს დაცვა და ბუნებრივი რესურსების მართვა,2016,38 01
გარემოს დაცვა და ბუნებრივი რესურსების მართვა,2016,38 07
გარემოს დაცვა და ბუნებრივი რესურსების მართვა,2016,38 06
გარემოს დაცვა და ბუნებრივი რესურსების მართვა,2016,38 05
გარემოს დაცვა და ბუნებრივი რესურსების მართვა,2016,38 08
ხელმისაწვდომი ხარისხიანი ჯანმრთელობის დაცვა და სოციალური უზრუნველყოფა,2016,35 02 
ხელმისაწვდომი ხარისხიანი ჯანმრთელობის დაცვა და სოციალური უზრუნველყოფა,2016,35 01 
ხელმისაწვდომი ხარისხიანი ჯანმრთელობის დაცვა და სოციალური უზრუნველყოფა,2016,29 03 
ხელმისაწვდომი ხარისხიანი ჯანმრთელობის დაცვა და სოციალური უზრუნველყოფა,2016,35 04
ხელმისაწვდომი ხარისხიანი ჯანმრთელობის დაცვა და სოციალური უზრუნველყოფა,2016,54 00
ხელმისაწვდომი ხარისხიანი ჯანმრთელობის დაცვა და სოციალური უზრუნველყოფა,2016,35 05
ხელმისაწვდომი ხარისხიანი ჯანმრთელობის დაცვა და სოციალური უზრუნველყოფა,2016,30 04
ხელმისაწვდომი ხარისხიანი ჯანმრთელობის დაცვა და სოციალური უზრუნველყოფა,2016,57 00
ხელმისაწვდომი ხარისხიანი ჯანმრთელობის დაცვა და სოციალური უზრუნველყოფა,2016,35 03
"რეგიონალური განვითარება, ინფრასტრუქტურა და ტურიზმი",2016,25 02
"რეგიონალური განვითარება, ინფრასტრუქტურა და ტურიზმი",2016,25 03
"რეგიონალური განვითარება, ინფრასტრუქტურა და ტურიზმი",2016,25 04
"რეგიონალური განვითარება, ინფრასტრუქტურა და ტურიზმი",2016,36 03
"რეგიონალური განვითარება, ინფრასტრუქტურა და ტურიზმი",2016,36 01
"რეგიონალური განვითარება, ინფრასტრუქტურა და ტურიზმი",2016,24 05
"რეგიონალური განვითარება, ინფრასტრუქტურა და ტურიზმი",2016,25 01
"რეგიონალური განვითარება, ინფრასტრუქტურა და ტურიზმი",2016,36 02
"რეგიონალური განვითარება, ინფრასტრუქტურა და ტურიზმი",2016,24 02
"რეგიონალური განვითარება, ინფრასტრუქტურა და ტურიზმი",2016,24 07
"რეგიონალური განვითარება, ინფრასტრუქტურა და ტურიზმი",2016,24 09
"რეგიონალური განვითარება, ინფრასტრუქტურა და ტურიზმი",2016,24 12
"რეგიონალური განვითარება, ინფრასტრუქტურა და ტურიზმი",2016,24 13
"რეგიონალური განვითარება, ინფრასტრუქტურა და ტურიზმი",2016,24 11
ინსტიტუციური განვითარება და ქვეყნის ინტერესების სამართლებრივი მხარდაჭერა,2016,01 01
ინსტიტუციური განვითარება და ქვეყნის ინტერესების სამართლებრივი მხარდაჭერა,2016,06 02
ინსტიტუციური განვითარება და ქვეყნის ინტერესების სამართლებრივი მხარდაჭერა,2016,04 01
ინსტიტუციური განვითარება და ქვეყნის ინტერესების სამართლებრივი მხარდაჭერა,2016,05 01
ინსტიტუციური განვითარება და ქვეყნის ინტერესების სამართლებრივი მხარდაჭერა,2016,06 04
ინსტიტუციური განვითარება და ქვეყნის ინტერესების სამართლებრივი მხარდაჭერა,2016,06 01
ინსტიტუციური განვითარება და ქვეყნის ინტერესების სამართლებრივი მხარდაჭერა,2016,02 00
ინსტიტუციური განვითარება და ქვეყნის ინტერესების სამართლებრივი მხარდაჭერა,2016,26 01
ინსტიტუციური განვითარება და ქვეყნის ინტერესების სამართლებრივი მხარდაჭერა,2016,26 03
ინსტიტუციური განვითარება და ქვეყნის ინტერესების სამართლებრივი მხარდაჭერა,2016,26 08
ინსტიტუციური განვითარება და ქვეყნის ინტერესების სამართლებრივი მხარდაჭერა,2016,53 00
ინსტიტუციური განვითარება და ქვეყნის ინტერესების სამართლებრივი მხარდაჭერა,2016,41 01
ინსტიტუციური განვითარება და ქვეყნის ინტერესების სამართლებრივი მხარდაჭერა,2016,44 00
ინსტიტუციური განვითარება და ქვეყნის ინტერესების სამართლებრივი მხარდაჭერა,2016,26 05
ინსტიტუციური განვითარება და ქვეყნის ინტერესების სამართლებრივი მხარდაჭერა,2016,51 00
ინსტიტუციური განვითარება და ქვეყნის ინტერესების სამართლებრივი მხარდაჭერა,2016,26 09
ინსტიტუციური განვითარება და ქვეყნის ინტერესების სამართლებრივი მხარდაჭერა,2016,26 10
ინსტიტუციური განვითარება და ქვეყნის ინტერესების სამართლებრივი მხარდაჭერა,2016,26 06
ინსტიტუციური განვითარება და ქვეყნის ინტერესების სამართლებრივი მხარდაჭერა,2016,50 00
ინსტიტუციური განვითარება და ქვეყნის ინტერესების სამართლებრივი მხარდაჭერა,2016,48 00
ინსტიტუციური განვითარება და ქვეყნის ინტერესების სამართლებრივი მხარდაჭერა,2016,06 03
ინსტიტუციური განვითარება და ქვეყნის ინტერესების სამართლებრივი მხარდაჭერა,2016,18 00
ინსტიტუციური განვითარება და ქვეყნის ინტერესების სამართლებრივი მხარდაჭერა,2016,11 00
ინსტიტუციური განვითარება და ქვეყნის ინტერესების სამართლებრივი მხარდაჭერა,2016,14 00
ინსტიტუციური განვითარება და ქვეყნის ინტერესების სამართლებრივი მხარდაჭერა,2016,13 00
ინსტიტუციური განვითარება და ქვეყნის ინტერესების სამართლებრივი მხარდაჭერა,2016,12 00
ინსტიტუციური განვითარება და ქვეყნის ინტერესების სამართლებრივი მხარდაჭერა,2016,19 00
ინსტიტუციური განვითარება და ქვეყნის ინტერესების სამართლებრივი მხარდაჭერა,2016,16 00
ინსტიტუციური განვითარება და ქვეყნის ინტერესების სამართლებრივი მხარდაჭერა,2016,17 00
ინსტიტუციური განვითარება და ქვეყნის ინტერესების სამართლებრივი მხარდაჭერა,2016,15 00
ინსტიტუციური განვითარება და ქვეყნის ინტერესების სამართლებრივი მხარდაჭერა,2016,61 00
ინსტიტუციური განვითარება და ქვეყნის ინტერესების სამართლებრივი მხარდაჭერა,2016,26 11
ინსტიტუციური განვითარება და ქვეყნის ინტერესების სამართლებრივი მხარდაჭერა,2016,26 12
ინსტიტუციური განვითარება და ქვეყნის ინტერესების სამართლებრივი მხარდაჭერა,2016,05 02
ხელმისაწვდომი ხარისხიანი ჯანმრთელობის დაცვა და სოციალური უზრუნველყოფა,2017,35 02
ხელმისაწვდომი ხარისხიანი ჯანმრთელობის დაცვა და სოციალური უზრუნველყოფა,2017,35 03
ხელმისაწვდომი ხარისხიანი ჯანმრთელობის დაცვა და სოციალური უზრუნველყოფა,2017,29 03
ხელმისაწვდომი ხარისხიანი ჯანმრთელობის დაცვა და სოციალური უზრუნველყოფა,2017,35 01
ხელმისაწვდომი ხარისხიანი ჯანმრთელობის დაცვა და სოციალური უზრუნველყოფა,2017,35 04
ხელმისაწვდომი ხარისხიანი ჯანმრთელობის დაცვა და სოციალური უზრუნველყოფა,2017,54 00
ხელმისაწვდომი ხარისხიანი ჯანმრთელობის დაცვა და სოციალური უზრუნველყოფა,2017,35 05
ხელმისაწვდომი ხარისხიანი ჯანმრთელობის დაცვა და სოციალური უზრუნველყოფა,2017,30 04
ხელმისაწვდომი ხარისხიანი ჯანმრთელობის დაცვა და სოციალური უზრუნველყოფა,2017,57 00
"თავდაცვა, საზოგადოებრივი წესრიგი და უსაფრთხოება",2017,30 01
"თავდაცვა, საზოგადოებრივი წესრიგი და უსაფრთხოება",2017,29 01
"თავდაცვა, საზოგადოებრივი წესრიგი და უსაფრთხოება",2017,27 01
"თავდაცვა, საზოგადოებრივი წესრიგი და უსაფრთხოება",2017,31 00
"თავდაცვა, საზოგადოებრივი წესრიგი და უსაფრთხოება",2017,29 08
"თავდაცვა, საზოგადოებრივი წესრიგი და უსაფრთხოება",2017,30 06
"თავდაცვა, საზოგადოებრივი წესრიგი და უსაფრთხოება",2017,40 01
"თავდაცვა, საზოგადოებრივი წესრიგი და უსაფრთხოება",2017,29 06
"თავდაცვა, საზოგადოებრივი წესრიგი და უსაფრთხოება",2017,26 02
"თავდაცვა, საზოგადოებრივი წესრიგი და უსაფრთხოება",2017,29 05
"თავდაცვა, საზოგადოებრივი წესრიგი და უსაფრთხოება",2017,29 07
"თავდაცვა, საზოგადოებრივი წესრიგი და უსაფრთხოება",2017,23 03
"თავდაცვა, საზოგადოებრივი წესრიგი და უსაფრთხოება",2017,22 00
"თავდაცვა, საზოგადოებრივი წესრიგი და უსაფრთხოება",2017,30 02
"თავდაცვა, საზოგადოებრივი წესრიგი და უსაფრთხოება",2017,29 04
"თავდაცვა, საზოგადოებრივი წესრიგი და უსაფრთხოება",2017,27 02
"თავდაცვა, საზოგადოებრივი წესრიგი და უსაფრთხოება",2017,59 01
"თავდაცვა, საზოგადოებრივი წესრიგი და უსაფრთხოება",2017,24 09
"თავდაცვა, საზოგადოებრივი წესრიგი და უსაფრთხოება",2017,03 01
"თავდაცვა, საზოგადოებრივი წესრიგი და უსაფრთხოება",2017,26 07
"თავდაცვა, საზოგადოებრივი წესრიგი და უსაფრთხოება",2017,30 05
"თავდაცვა, საზოგადოებრივი წესრიგი და უსაფრთხოება",2017,30 07
"თავდაცვა, საზოგადოებრივი წესრიგი და უსაფრთხოება",2017,30 08
"თავდაცვა, საზოგადოებრივი წესრიგი და უსაფრთხოება",2017,40 03
"რეგიონალური განვითარება, ინფრასტრუქტურა და ტურიზმი",2017,25 02
"რეგიონალური განვითარება, ინფრასტრუქტურა და ტურიზმი",2017,25 04
"რეგიონალური განვითარება, ინფრასტრუქტურა და ტურიზმი",2017,25 03
"რეგიონალური განვითარება, ინფრასტრუქტურა და ტურიზმი",2017,24 11
"რეგიონალური განვითარება, ინფრასტრუქტურა და ტურიზმი",2017,36 03
"რეგიონალური განვითარება, ინფრასტრუქტურა და ტურიზმი",2017,24 05
"რეგიონალური განვითარება, ინფრასტრუქტურა და ტურიზმი",2017,25 05
"რეგიონალური განვითარება, ინფრასტრუქტურა და ტურიზმი",2017,36 01
"რეგიონალური განვითარება, ინფრასტრუქტურა და ტურიზმი",2017,36 02
"რეგიონალური განვითარება, ინფრასტრუქტურა და ტურიზმი",2017,24 08
"რეგიონალური განვითარება, ინფრასტრუქტურა და ტურიზმი",2017,24 13
"რეგიონალური განვითარება, ინფრასტრუქტურა და ტურიზმი",2017,25 01
"რეგიონალური განვითარება, ინფრასტრუქტურა და ტურიზმი",2017,24 02
"რეგიონალური განვითარება, ინფრასტრუქტურა და ტურიზმი",2017,24 10
"რეგიონალური განვითარება, ინფრასტრუქტურა და ტურიზმი",2017,24 19
"რეგიონალური განვითარება, ინფრასტრუქტურა და ტურიზმი",2017,24 17
"რეგიონალური განვითარება, ინფრასტრუქტურა და ტურიზმი",2017,24 15
"რეგიონალური განვითარება, ინფრასტრუქტურა და ტურიზმი",2017,24 16
"რეგიონალური განვითარება, ინფრასტრუქტურა და ტურიზმი",2017,24 18
განათლება მეცნიერება და პროფესიული მომზადება,2017,32 02
განათლება მეცნიერება და პროფესიული მომზადება,2017,32 04
განათლება მეცნიერება და პროფესიული მომზადება,2017,32 07
განათლება მეცნიერება და პროფესიული მომზადება,2017,32 08
განათლება მეცნიერება და პროფესიული მომზადება,2017,32 05
განათლება მეცნიერება და პროფესიული მომზადება,2017,29 02
განათლება მეცნიერება და პროფესიული მომზადება,2017,32 03
განათლება მეცნიერება და პროფესიული მომზადება,2017,32 01
განათლება მეცნიერება და პროფესიული მომზადება,2017,33 03
განათლება მეცნიერება და პროფესიული მომზადება,2017,01 02
განათლება მეცნიერება და პროფესიული მომზადება,2017,30 03
განათლება მეცნიერება და პროფესიული მომზადება,2017,32 06
განათლება მეცნიერება და პროფესიული მომზადება,2017,32 09
განათლება მეცნიერება და პროფესიული მომზადება,2017,58 00
განათლება მეცნიერება და პროფესიული მომზადება,2017,26 04
განათლება მეცნიერება და პროფესიული მომზადება,2017,09 02
განათლება მეცნიერება და პროფესიული მომზადება,2017,32 10
განათლება მეცნიერება და პროფესიული მომზადება,2017,27 03
განათლება მეცნიერება და პროფესიული მომზადება,2017,23 05
განათლება მეცნიერება და პროფესიული მომზადება,2017,01 03
განათლება მეცნიერება და პროფესიული მომზადება,2017,28 02
განათლება მეცნიერება და პროფესიული მომზადება,2017,24 12
განათლება მეცნიერება და პროფესიული მომზადება,2017,65 02
განათლება მეცნიერება და პროფესიული მომზადება,2017,65 01
მაკროეკონომიკური სტაბილურობა და საინვესტიციო გარემოს გაუმჯობესება,2017,24 06
მაკროეკონომიკური სტაბილურობა და საინვესტიციო გარემოს გაუმჯობესება,2017,24 07
მაკროეკონომიკური სტაბილურობა და საინვესტიციო გარემოს გაუმჯობესება,2017,23 02
მაკროეკონომიკური სტაბილურობა და საინვესტიციო გარემოს გაუმჯობესება,2017,23 01
მაკროეკონომიკური სტაბილურობა და საინვესტიციო გარემოს გაუმჯობესება,2017,24 01
მაკროეკონომიკური სტაბილურობა და საინვესტიციო გარემოს გაუმჯობესება,2017,23 04
მაკროეკონომიკური სტაბილურობა და საინვესტიციო გარემოს გაუმჯობესება,2017,40 02
მაკროეკონომიკური სტაბილურობა და საინვესტიციო გარემოს გაუმჯობესება,2017,47 01
მაკროეკონომიკური სტაბილურობა და საინვესტიციო გარემოს გაუმჯობესება,2017,47 02
მაკროეკონომიკური სტაბილურობა და საინვესტიციო გარემოს გაუმჯობესება,2017,56 00
მაკროეკონომიკური სტაბილურობა და საინვესტიციო გარემოს გაუმჯობესება,2017,43 00
მაკროეკონომიკური სტაბილურობა და საინვესტიციო გარემოს გაუმჯობესება,2017,49 00
მაკროეკონომიკური სტაბილურობა და საინვესტიციო გარემოს გაუმჯობესება,2017,52 01
მაკროეკონომიკური სტაბილურობა და საინვესტიციო გარემოს გაუმჯობესება,2017,23 06
მაკროეკონომიკური სტაბილურობა და საინვესტიციო გარემოს გაუმჯობესება,2017,24 03
მაკროეკონომიკური სტაბილურობა და საინვესტიციო გარემოს გაუმჯობესება,2017,47 03
მაკროეკონომიკური სტაბილურობა და საინვესტიციო გარემოს გაუმჯობესება,2017,24 04
მაკროეკონომიკური სტაბილურობა და საინვესტიციო გარემოს გაუმჯობესება,2017,23 07
მაკროეკონომიკური სტაბილურობა და საინვესტიციო გარემოს გაუმჯობესება,2017,64 00
ინსტიტუციური განვითარება და ქვეყნის ინტერესების სამართლებრივი მხარდაჭერა,2017,01 01
ინსტიტუციური განვითარება და ქვეყნის ინტერესების სამართლებრივი მხარდაჭერა,2017,06 02
ინსტიტუციური განვითარება და ქვეყნის ინტერესების სამართლებრივი მხარდაჭერა,2017,04 00
ინსტიტუციური განვითარება და ქვეყნის ინტერესების სამართლებრივი მხარდაჭერა,2017,05 01
ინსტიტუციური განვითარება და ქვეყნის ინტერესების სამართლებრივი მხარდაჭერა,2017,06 04
ინსტიტუციური განვითარება და ქვეყნის ინტერესების სამართლებრივი მხარდაჭერა,2017,06 01
ინსტიტუციური განვითარება და ქვეყნის ინტერესების სამართლებრივი მხარდაჭერა,2017,02 00
ინსტიტუციური განვითარება და ქვეყნის ინტერესების სამართლებრივი მხარდაჭერა,2017,26 01
ინსტიტუციური განვითარება და ქვეყნის ინტერესების სამართლებრივი მხარდაჭერა,2017,26 03
ინსტიტუციური განვითარება და ქვეყნის ინტერესების სამართლებრივი მხარდაჭერა,2017,26 10
ინსტიტუციური განვითარება და ქვეყნის ინტერესების სამართლებრივი მხარდაჭერა,2017,53 00
ინსტიტუციური განვითარება და ქვეყნის ინტერესების სამართლებრივი მხარდაჭერა,2017,41 01
ინსტიტუციური განვითარება და ქვეყნის ინტერესების სამართლებრივი მხარდაჭერა,2017,26 08
ინსტიტუციური განვითარება და ქვეყნის ინტერესების სამართლებრივი მხარდაჭერა,2017,44 00
ინსტიტუციური განვითარება და ქვეყნის ინტერესების სამართლებრივი მხარდაჭერა,2017,26 09
ინსტიტუციური განვითარება და ქვეყნის ინტერესების სამართლებრივი მხარდაჭერა,2017,26 05
ინსტიტუციური განვითარება და ქვეყნის ინტერესების სამართლებრივი მხარდაჭერა,2017,51 00
ინსტიტუციური განვითარება და ქვეყნის ინტერესების სამართლებრივი მხარდაჭერა,2017,50 00
ინსტიტუციური განვითარება და ქვეყნის ინტერესების სამართლებრივი მხარდაჭერა,2017,06 03
ინსტიტუციური განვითარება და ქვეყნის ინტერესების სამართლებრივი მხარდაჭერა,2017,48 00
ინსტიტუციური განვითარება და ქვეყნის ინტერესების სამართლებრივი მხარდაჭერა,2017,18 00
ინსტიტუციური განვითარება და ქვეყნის ინტერესების სამართლებრივი მხარდაჭერა,2017,11 00
ინსტიტუციური განვითარება და ქვეყნის ინტერესების სამართლებრივი მხარდაჭერა,2017,13 00
ინსტიტუციური განვითარება და ქვეყნის ინტერესების სამართლებრივი მხარდაჭერა,2017,14 00
ინსტიტუციური განვითარება და ქვეყნის ინტერესების სამართლებრივი მხარდაჭერა,2017,19 00
ინსტიტუციური განვითარება და ქვეყნის ინტერესების სამართლებრივი მხარდაჭერა,2017,12 00
ინსტიტუციური განვითარება და ქვეყნის ინტერესების სამართლებრივი მხარდაჭერა,2017,17 00
ინსტიტუციური განვითარება და ქვეყნის ინტერესების სამართლებრივი მხარდაჭერა,2017,15 00
ინსტიტუციური განვითარება და ქვეყნის ინტერესების სამართლებრივი მხარდაჭერა,2017,26 06
ინსტიტუციური განვითარება და ქვეყნის ინტერესების სამართლებრივი მხარდაჭერა,2017,16 00
ინსტიტუციური განვითარება და ქვეყნის ინტერესების სამართლებრივი მხარდაჭერა,2017,26 12
ინსტიტუციური განვითარება და ქვეყნის ინტერესების სამართლებრივი მხარდაჭერა,2017,05 02
ინსტიტუციური განვითარება და ქვეყნის ინტერესების სამართლებრივი მხარდაჭერა,2017,26 11
იძულებით გადაადგილებულ პირთა და მიგრანტთა სახელმწიფო მხარდაჭერა და რეინტეგრაციის ხელშეწყობა,2017,34 02
იძულებით გადაადგილებულ პირთა და მიგრანტთა სახელმწიფო მხარდაჭერა და რეინტეგრაციის ხელშეწყობა,2017,34 01
იძულებით გადაადგილებულ პირთა და მიგრანტთა სახელმწიფო მხარდაჭერა და რეინტეგრაციის ხელშეწყობა,2017,21 00
იძულებით გადაადგილებულ პირთა და მიგრანტთა სახელმწიფო მხარდაჭერა და რეინტეგრაციის ხელშეწყობა,2017,34 03
"კულტურა, რელიგია, ახალგაზრდობის ხელშეწყობა და სპორტი",2017,39 02
"კულტურა, რელიგია, ახალგაზრდობის ხელშეწყობა და სპორტი",2017,33 02
"კულტურა, რელიგია, ახალგაზრდობის ხელშეწყობა და სპორტი",2017,42 01
"კულტურა, რელიგია, ახალგაზრდობის ხელშეწყობა და სპორტი",2017,33 04
"კულტურა, რელიგია, ახალგაზრდობის ხელშეწყობა და სპორტი",2017,45 01
"კულტურა, რელიგია, ახალგაზრდობის ხელშეწყობა და სპორტი",2017,39 03
"კულტურა, რელიგია, ახალგაზრდობის ხელშეწყობა და სპორტი",2017,55 00
"კულტურა, რელიგია, ახალგაზრდობის ხელშეწყობა და სპორტი",2017,33 01
"კულტურა, რელიგია, ახალგაზრდობის ხელშეწყობა და სპორტი",2017,39 04
"კულტურა, რელიგია, ახალგაზრდობის ხელშეწყობა და სპორტი",2017,39 01
"კულტურა, რელიგია, ახალგაზრდობის ხელშეწყობა და სპორტი",2017,45 09
"კულტურა, რელიგია, ახალგაზრდობის ხელშეწყობა და სპორტი",2017,45 08
"კულტურა, რელიგია, ახალგაზრდობის ხელშეწყობა და სპორტი",2017,45 03
"კულტურა, რელიგია, ახალგაზრდობის ხელშეწყობა და სპორტი",2017,45 04
"კულტურა, რელიგია, ახალგაზრდობის ხელშეწყობა და სპორტი",2017,45 11
"კულტურა, რელიგია, ახალგაზრდობის ხელშეწყობა და სპორტი",2017,45 13
"კულტურა, რელიგია, ახალგაზრდობის ხელშეწყობა და სპორტი",2017,45 12
"კულტურა, რელიგია, ახალგაზრდობის ხელშეწყობა და სპორტი",2017,45 06
"კულტურა, რელიგია, ახალგაზრდობის ხელშეწყობა და სპორტი",2017,45 02
"კულტურა, რელიგია, ახალგაზრდობის ხელშეწყობა და სპორტი",2017,45 05
"კულტურა, რელიგია, ახალგაზრდობის ხელშეწყობა და სპორტი",2017,45 07
"კულტურა, რელიგია, ახალგაზრდობის ხელშეწყობა და სპორტი",2017,45 10
საერთაშორისო ურთიერთობები და ევროატლანტიკურ სივრცეში ინტეგრაცია,2017,28 01
საერთაშორისო ურთიერთობები და ევროატლანტიკურ სივრცეში ინტეგრაცია,2017,20 00
სოფლის მეურნეობა,2017,37 05
სოფლის მეურნეობა,2017,37 07
სოფლის მეურნეობა,2017,37 03
სოფლის მეურნეობა,2017,37 02
სოფლის მეურნეობა,2017,37 01
სოფლის მეურნეობა,2017,37 04
სოფლის მეურნეობა,2017,37 06
სასამართლო სისტემა,2017,09 01
სასამართლო სისტემა,2017,08 00
სასამართლო სისტემა,2017,07 00
სასამართლო სისტემა,2017,10 00
სასამართლო სისტემა,2017,46 00
სასამართლო სისტემა,2017,26 13
გარემოს დაცვა და ბუნებრივი რესურსების მართვა,2017,38 03
გარემოს დაცვა და ბუნებრივი რესურსების მართვა,2017,38 04
გარემოს დაცვა და ბუნებრივი რესურსების მართვა,2017,38 02
გარემოს დაცვა და ბუნებრივი რესურსების მართვა,2017,38 01
გარემოს დაცვა და ბუნებრივი რესურსების მართვა,2017,38 07
გარემოს დაცვა და ბუნებრივი რესურსების მართვა,2017,38 06
გარემოს დაცვა და ბუნებრივი რესურსების მართვა,2017,38 05
გარემოს დაცვა და ბუნებრივი რესურსების მართვა,2017,38 08
